r2,input,port1,port2,port3,port4
0.171163,1.111782,0.189704,0.185545,0.163197,0.177289
0.280636,1.161032,0.300612,0.270797,0.288306,0.289779
0.239079,0.8205,0.286197,0.239755,0.269766,0.215457
0.213745,0.898714,0.220309,0.254216,0.193279,0.2679
0.129644,0.901374,0.122271,0.1155,0.087988,0.076231
0.129639,0.929111,0.118972,0.104136,0.082591,0.085734
0.111036,0.671576,0.157857,0.162142,0.097196,0.206921
0.264573,1.031738,0.23659,0.282886,0.297495,0.172898
0.214212,0.933233,0.223314,0.258265,0.194635,0.256302
0.234534,0.806346,0.281073,0.239356,0.256064,0.19375
0.103911,0.568353,0.125041,0.126293,0.081461,0.0
0.284283,1.163097,0.271541,0.21582,0.466613,0.473763
0.258164,0.925438,0.167586,0.266137,0.253875,0.173016
0.140344,1.180436,0.627903,0.083299,0.085371,0.107216
0.134547,0.993401,0.417545,0.095232,0.094356,0.0
0.134847,1.020898,0.430758,0.110904,0.084484,0.0
0.157806,1.09611,0.153696,0.204531,0.152354,0.123298
0.199704,0.98186,0.230405,0.267327,0.189308,0.257161
0.18207,1.072955,0.184046,0.242965,0.153868,0.24493
0.155334,1.134608,0.073647,0.138125,0.119479,0.129892
0.216252,0.886042,0.198067,0.248028,0.189249,0.242061
0.126504,0.881827,0.069468,0.13805,0.074686,0.410593
0.155507,1.122557,0.084824,0.146039,0.104885,0.125371
0.169609,1.108491,0.217041,0.174129,0.177521,0.162072
0.186653,1.044604,0.182048,0.265978,0.193501,0.250774
0.249183,0.800851,0.240291,0.25023,0.265012,0.277641
0.137938,1.077951,0.609558,0.105414,0.096992,0.037386
0.197705,1.010139,0.229333,0.282825,0.19464,0.249684
0.212559,0.918864,0.207953,0.254797,0.170379,0.268662
0.108826,0.645701,0.135317,0.1474,0.09239,0.0
0.215434,0.939303,0.216678,0.262777,0.193282,0.261462
0.1324,0.97534,0.265226,0.109405,0.078089,0.0
0.11236,0.745267,0.151819,0.160083,0.101364,0.386978
0.280288,1.122983,0.309339,0.262912,0.271191,0.274948
0.28347,1.175711,0.288152,0.237705,0.379349,0.440486
0.253595,0.903866,0.178403,0.257593,0.242815,0.238138
0.157877,1.09038,0.157037,0.190177,0.130591,0.126844
0.118558,0.842864,0.157416,0.1436,0.104533,0.937258
0.230004,0.85288,0.271967,0.229546,0.260755,0.209673
0.183629,1.092454,0.167918,0.221394,0.152066,0.238804
0.123187,0.844496,0.09091,0.159456,0.067878,0.768153
0.194084,1.000536,0.205981,0.251381,0.19143,0.255255
0.106534,0.649139,0.138634,0.134285,0.103321,0.0
0.272771,1.028862,0.339645,0.295185,0.302836,0.216848
0.149168,1.162597,0.084239,0.051048,0.057198,0.118966
0.225879,0.827072,0.261463,0.256174,0.235809,0.227836
0.159225,1.079206,0.18178,0.221196,0.14913,0.135951
0.198813,0.997386,0.194119,0.254757,0.186387,0.257724
0.203875,0.989178,0.222246,0.257275,0.204598,0.263262
0.135122,1.041354,0.44846,0.108189,0.07318,0.0
0.284221,1.168504,0.260406,0.223567,0.448925,0.478114
0.247275,0.783623,0.260926,0.259916,0.255278,0.267769
0.278505,1.076455,0.324976,0.275565,0.261372,0.242983
0.270017,1.039034,0.314563,0.307364,0.310877,0.203982
0.213601,0.918136,0.196352,0.268323,0.195868,0.275165
0.275156,1.083986,0.349392,0.301509,0.253246,0.233436
0.116814,0.757227,0.17808,0.153791,0.106428,0.833588
0.137237,1.090581,0.576771,0.089638,0.086954,0.036223
0.108593,0.630929,0.149666,0.141815,0.103549,0.0
0.161813,1.087751,0.230384,0.219932,0.167469,0.150412
0.173849,1.120323,0.159469,0.172917,0.165248,0.194435
0.151556,1.146573,0.013929,0.079251,0.080237,0.105083
0.25746,0.908431,0.156741,0.264797,0.256056,0.169935
0.167783,1.068289,0.216586,0.188732,0.17936,0.16046
0.153378,1.143838,0.025763,0.108841,0.077735,0.100466
0.203112,0.983291,0.221999,0.276067,0.191846,0.252584
0.126776,0.867123,0.049812,0.124184,0.076417,0.371022
0.252417,0.864774,0.216797,0.272095,0.228969,0.233407
0.114165,0.743511,0.165739,0.154118,0.09818,0.602856
0.287509,1.117455,0.25803,0.181291,0.768989,0.79971
0.246727,0.80643,0.261017,0.251125,0.231758,0.251257
0.137756,1.083788,0.604765,0.105173,0.121962,0.045979
0.101049,0.58467,0.164433,0.165283,0.083292,0.0
0.254938,0.861814,0.179032,0.25491,0.239069,0.213548
0.234303,0.856032,0.280452,0.236111,0.258155,0.209679
0.238511,0.803361,0.293494,0.226849,0.276511,0.212625
0.246541,0.793759,0.260745,0.241415,0.259184,0.260921
0.114068,0.756689,0.173206,0.139778,0.110558,0.572863
0.168108,1.088781,0.209735,0.180205,0.184928,0.177107
0.122015,0.852055,0.131772,0.14971,0.096791,0.868564
0.26399,1.00227,0.207151,0.295315,0.291985,0.16688
0.218427,0.919298,0.233811,0.265461,0.212905,0.252702
0.162871,1.063335,0.245907,0.212437,0.173663,0.158532
0.112076,0.705049,0.140087,0.148639,0.114113,0.346356
0.159087,1.080046,0.193771,0.222949,0.158525,0.14621
0.161785,1.028356,0.234046,0.220351,0.141624,0.171307
0.238625,0.772103,0.288642,0.23782,0.280416,0.197566
0.221136,0.92294,0.217133,0.258446,0.225007,0.234325
0.26857,1.061052,0.295298,0.289636,0.314565,0.216278
0.189721,0.996888,0.170507,0.266081,0.185278,0.256693
0.122723,0.87254,0.100114,0.139724,0.10551,0.801727
0.235517,0.817957,0.252475,0.241886,0.273575,0.220386
0.244549,0.862893,0.253482,0.233661,0.255337,0.229286
0.206643,0.962088,0.2219,0.254648,0.180325,0.267911
0.246484,0.804949,0.267,0.250703,0.244524,0.249728
0.193821,0.967989,0.205573,0.258687,0.180593,0.272782
0.199319,0.949817,0.207363,0.277596,0.180139,0.279633
0.181233,1.094081,0.180942,0.224076,0.160995,0.217346
0.10483,0.59459,0.12307,0.1401,0.096708,0.0
0.120499,0.816289,0.131388,0.158139,0.104217,0.947239
0.105972,0.608354,0.137221,0.122477,0.097965,0.0
0.220918,0.874906,0.231693,0.241054,0.227694,0.248053
0.159728,1.115208,0.2067,0.202461,0.151494,0.138944
0.196628,1.002992,0.210805,0.274332,0.19584,0.23895
0.272438,1.060953,0.341184,0.293137,0.295147,0.220477
0.147366,1.224965,0.181116,0.070011,0.075979,0.116238
0.177973,1.112085,0.174331,0.199408,0.162138,0.206059
0.243555,0.782357,0.266315,0.243866,0.274221,0.24919
0.143472,1.220542,0.484424,0.080932,0.082093,0.122459
0.114626,0.773024,0.165675,0.169349,0.114942,0.654735
0.155053,1.104663,0.083097,0.160514,0.111812,0.1125
0.130632,0.93228,0.163737,0.120797,0.073853,0.03066
0.276643,1.079247,0.329066,0.292473,0.245977,0.233775
0.253543,0.840455,0.194988,0.252751,0.227865,0.230511
0.220347,0.917309,0.235057,0.267317,0.214268,0.255155
0.265578,1.041839,0.253658,0.28082,0.304163,0.198081
0.252698,0.829973,0.199644,0.23806,0.227419,0.234079
0.135448,1.059394,0.468706,0.105084,0.085569,0.0
0.269586,1.023516,0.321767,0.297813,0.293188,0.20773
0.202475,0.95841,0.222756,0.254635,0.182388,0.252523
0.253414,0.854677,0.199682,0.253691,0.235285,0.258231
0.270257,1.024901,0.329294,0.309747,0.300181,0.233078
0.160421,1.07904,0.233729,0.223688,0.169605,0.128435
0.12091,0.831646,0.131184,0.162428,0.107652,0.910246
0.143308,1.194408,0.518584,0.05542,0.063088,0.139484
0.18115,1.089749,0.183315,0.225627,0.144529,0.230163
0.255423,0.887298,0.19086,0.241624,0.230146,0.207899
0.263539,0.967784,0.198856,0.257685,0.280783,0.168478
0.101321,0.583745,0.171498,0.14987,0.082201,0.0
0.197042,1.000227,0.213729,0.260294,0.188892,0.261715
0.179308,1.114433,0.172461,0.230191,0.146886,0.217878
0.1422,1.160129,0.566328,0.082244,0.063003,0.107148
0.122774,0.86331,0.100517,0.13047,0.100503,0.797306
0.164147,1.090739,0.249217,0.236374,0.166749,0.147495
0.279153,1.081439,0.32256,0.278376,0.257389,0.261318
0.161409,1.085905,0.231552,0.232027,0.17185,0.176024
0.19857,0.970211,0.215364,0.258451,0.201545,0.263019
0.233574,0.831503,0.293527,0.227938,0.24221,0.208133
0.16909,1.080483,0.217647,0.175664,0.147201,0.180929
0.284639,1.10033,0.271353,0.233446,0.477944,0.514748
0.282865,1.100307,0.283455,0.256181,0.384575,0.399213
0.147839,1.194568,0.169895,0.059679,0.080599,0.126483
0.194477,0.991662,0.20968,0.257491,0.196164,0.276854
0.157167,1.084076,0.122002,0.170435,0.129261,0.114094
0.15412,1.149147,0.03922,0.122061,0.110666,0.116521
0.107009,0.60084,0.10751,0.118868,0.08385,0.0
0.215817,0.90655,0.215058,0.265475,0.207709,0.261094
0.195509,0.961643,0.213471,0.260669,0.198151,0.248071
0.109781,0.66326,0.133698,0.134951,0.110228,0.071028
0.152943,1.151071,0.038468,0.081421,0.119121,0.10572
0.272571,1.04507,0.327359,0.303525,0.289523,0.230205
0.145517,1.189807,0.327479,0.045711,0.066806,0.141606
0.12753,0.913644,0.069079,0.10673,0.084041,0.276659
0.192996,0.976805,0.209027,0.233584,0.176721,0.255159
0.287274,1.150743,0.264936,0.200509,0.720133,0.750608
0.145991,1.175111,0.300546,0.066303,0.066592,0.11784
0.227706,0.865893,0.261333,0.260587,0.228712,0.230666
0.244708,0.83051,0.268242,0.238045,0.263898,0.240807
0.145151,1.147531,0.36889,0.047198,0.064721,0.157948
0.238361,0.787056,0.288983,0.243691,0.284579,0.209259
0.169879,1.11099,0.199544,0.16548,0.17535,0.160771
0.220138,0.895469,0.204654,0.262838,0.220323,0.244134
0.220371,0.90612,0.235904,0.26716,0.217808,0.259624
0.201797,0.959948,0.232768,0.271608,0.183009,0.281494
0.117155,0.805522,0.164693,0.151159,0.11176,0.854121
0.258707,0.931429,0.159384,0.253614,0.242659,0.147756
0.160948,1.099555,0.236561,0.216366,0.159842,0.162968
0.135439,1.052975,0.47714,0.096857,0.085598,0.0
0.107747,0.651063,0.121458,0.134688,0.081971,0.0
0.21227,0.904582,0.202193,0.264767,0.179056,0.264037
0.228737,0.838514,0.254645,0.25112,0.231524,0.203148
0.103152,0.589756,0.143647,0.134035,0.09002,0.0
0.197298,0.992828,0.217906,0.276311,0.193006,0.261883
0.143034,1.178607,0.519367,0.066361,0.082074,0.143077
0.222583,0.894252,0.23667,0.255322,0.234495,0.235352
0.13313,1.03169,0.285125,0.098848,0.083915,0.0
0.231278,0.849667,0.276269,0.214374,0.248781,0.210754
0.17348,1.10572,0.157919,0.185492,0.161801,0.192335
0.277979,1.130854,0.322821,0.281505,0.250247,0.23043
0.126129,0.87371,0.051384,0.121996,0.080827,0.44084
0.164803,1.036647,0.228763,0.213886,0.155847,0.148144
0.12156,0.833131,0.137092,0.150674,0.095563,0.896215
0.275692,1.051682,0.334336,0.271626,0.267037,0.229604
0.266694,1.005848,0.269636,0.285908,0.32072,0.196197
0.149009,1.187689,0.097505,0.055107,0.078827,0.114464
0.225397,0.904639,0.245339,0.236599,0.242509,0.224782
0.255272,0.896653,0.17221,0.251528,0.238387,0.201397
0.205488,0.943435,0.203103,0.245343,0.178583,0.260573
0.200634,0.994218,0.228554,0.264397,0.177533,0.28645
0.145952,1.153485,0.303201,0.048407,0.067616,0.119482
0.11769,0.816344,0.153676,0.136126,0.109227,0.916151
0.270471,1.05942,0.320928,0.311939,0.318843,0.230987
0.271079,1.019673,0.345825,0.292918,0.300226,0.22434
0.220289,0.92187,0.229386,0.251511,0.216355,0.267127
0.164416,1.08312,0.240334,0.218027,0.179652,0.160596
0.16635,1.074699,0.225655,0.212004,0.187073,0.16678
0.237932,0.816688,0.276696,0.228597,0.257974,0.20383
0.270451,1.089246,0.345771,0.300901,0.283994,0.233222
0.268546,1.031594,0.303191,0.301712,0.309268,0.224051
0.248176,0.821335,0.251247,0.251172,0.234449,0.255795
0.221986,0.882403,0.236997,0.258507,0.219804,0.233429
0.115987,0.768373,0.174137,0.147576,0.102644,0.77806
0.130709,0.954138,0.158704,0.100305,0.078178,0.021598
0.270725,1.029064,0.32574,0.301196,0.319293,0.220696
0.215222,0.909936,0.209649,0.251454,0.20344,0.26854
0.101747,0.585504,0.147262,0.119054,0.078714,0.0
0.11928,0.84182,0.165545,0.155617,0.107385,0.951466
0.226065,0.873263,0.243977,0.256625,0.219731,0.238121
0.100962,0.616698,0.167619,0.129325,0.08274,0.0
0.130554,0.924439,0.152578,0.098755,0.081879,0.015036
0.204259,0.95109,0.218238,0.265108,0.184395,0.254978
0.23146,0.811621,0.245442,0.259044,0.234927,0.221396
0.223873,0.872059,0.243283,0.252905,0.212475,0.254835
0.142611,1.1911,0.552114,0.065279,0.08981,0.127023
0.235314,0.827656,0.286291,0.235809,0.267001,0.187513
0.145077,1.178372,0.347378,0.067437,0.064147,0.140098
0.161826,1.091732,0.262074,0.219983,0.162533,0.141475
0.241833,0.825726,0.276293,0.233085,0.283843,0.209353
0.22343,0.891891,0.243391,0.248871,0.215464,0.237537
0.261352,1.002284,0.16217,0.256159,0.287416,0.158028
0.224946,0.858623,0.244764,0.251426,0.220511,0.234326
0.207979,0.905974,0.201842,0.275544,0.183188,0.238666
0.117798,0.777601,0.162544,0.155506,0.099682,0.916066
0.169866,1.129311,0.212271,0.172992,0.181416,0.187248
0.150388,1.189759,0.039789,0.054985,0.068238,0.115428
0.146358,1.196388,0.278838,0.031371,0.068254,0.117271
0.284872,1.142206,0.27372,0.229436,0.494249,0.525932
0.174689,1.091679,0.178962,0.181667,0.148477,0.195376
0.269489,1.084633,0.314979,0.297565,0.31994,0.224167
0.219916,0.90286,0.2234,0.292036,0.214609,0.256814
0.251014,0.841723,0.242878,0.248395,0.235169,0.246549
0.195501,1.000382,0.206397,0.25463,0.183162,0.258071
0.209612,0.931393,0.212383,0.255575,0.153517,0.264743
0.193578,0.991884,0.211005,0.273887,0.192532,0.269871
0.137096,1.073198,0.582072,0.104029,0.114431,0.03257
0.237266,0.815273,0.291212,0.224014,0.278418,0.211917
0.153347,1.183091,0.03411,0.11434,0.094987,0.11039
0.10462,0.634822,0.112257,0.131528,0.083856,0.0
0.22264,0.920009,0.245507,0.274149,0.226309,0.249478
0.133651,0.992665,0.339012,0.116896,0.091522,0.0
0.278687,1.09197,0.32414,0.26494,0.24016,0.264542
0.281246,1.124033,0.290938,0.263232,0.312413,0.32754
0.273824,1.074356,0.341509,0.295674,0.278092,0.214617
0.17033,1.123354,0.192677,0.182468,0.181194,0.171465
0.102937,0.563659,0.137006,0.147694,0.084846,0.0
0.276381,1.125275,0.340319,0.275218,0.248868,0.228823
0.181355,1.085732,0.197671,0.222385,0.159431,0.227461
0.283664,1.126395,0.280164,0.241003,0.416543,0.445263
0.283088,1.113267,0.278535,0.232147,0.374473,0.424417
0.262072,0.938942,0.191672,0.265035,0.271558,0.172967
0.155945,1.131654,0.103856,0.148609,0.122446,0.121187
0.173169,1.112976,0.163684,0.179747,0.179478,0.197766
0.261716,0.942677,0.183114,0.288002,0.261763,0.150564
0.160215,1.053061,0.2264,0.210867,0.146899,0.144986
0.132204,0.961862,0.247346,0.107097,0.085702,0.0
0.205792,0.979039,0.229271,0.273049,0.176958,0.258881
0.277869,1.10085,0.325716,0.274044,0.248946,0.229455
0.232246,0.796772,0.269342,0.242485,0.251555,0.209657
0.208312,0.923915,0.210193,0.248766,0.174891,0.249734
0.118464,0.816759,0.165227,0.156337,0.117153,0.926887
0.216851,0.852741,0.201653,0.260305,0.191682,0.250652
0.28811,1.129985,0.229702,0.203995,0.823789,0.844358
0.126616,0.880934,0.078005,0.134388,0.08472,0.389787
0.198483,0.997528,0.206949,0.286658,0.171682,0.268321
0.266701,1.04991,0.25638,0.297021,0.309726,0.189522
0.240746,0.821697,0.257818,0.243706,0.291145,0.229161
0.232433,0.820457,0.262301,0.239813,0.250181,0.220559
0.233472,0.798448,0.258589,0.234016,0.257127,0.221925
0.168303,1.143432,0.224958,0.187957,0.166432,0.162475
0.155782,1.118206,0.096923,0.151918,0.11355,0.12706
0.253779,0.871308,0.179739,0.248702,0.231681,0.213178
0.253922,0.872332,0.207569,0.260316,0.232355,0.23115
0.264744,1.000541,0.237983,0.272291,0.312692,0.182603
0.273516,1.067668,0.338656,0.307373,0.280073,0.224836
0.197155,0.97357,0.187078,0.274627,0.179519,0.246755
0.195288,0.975031,0.22918,0.261031,0.195812,0.248112
0.251676,0.845778,0.197242,0.22448,0.241287,0.254174
0.223493,0.872379,0.21611,0.247479,0.238855,0.234164
0.233374,0.806797,0.281767,0.250535,0.270164,0.216596
0.251201,0.843557,0.241094,0.245257,0.226939,0.238739
0.269101,1.027407,0.321813,0.288693,0.30571,0.224814
0.164219,1.105954,0.250331,0.212311,0.16671,0.143918
0.171361,1.052699,0.188708,0.180848,0.168267,0.185939
0.117857,0.835827,0.177052,0.157737,0.107575,0.916231
0.209873,0.945481,0.217705,0.257557,0.189579,0.25309
0.106829,0.590249,0.126492,0.132844,0.092352,0.0
0.188464,1.005159,0.188241,0.253413,0.181344,0.249513
0.203102,0.956822,0.217859,0.249822,0.180759,0.255512
0.154443,1.104414,0.041647,0.143441,0.097475,0.102823
0.212258,0.897288,0.206103,0.257864,0.2081,0.239073
0.105795,0.597103,0.105168,0.148938,0.074117,0.0
0.107096,0.670284,0.123488,0.151794,0.09566,0.0
0.256294,0.922203,0.153423,0.260101,0.260498,0.192189
0.168436,1.118036,0.196085,0.179306,0.178856,0.166858
0.124141,0.883755,0.083065,0.138488,0.089046,0.673851
0.199226,0.959586,0.230796,0.260132,0.183024,0.256645
0.246299,0.796251,0.269466,0.234355,0.253297,0.251455
0.141006,1.175277,0.605103,0.088533,0.100446,0.124241
0.218349,0.879861,0.205725,0.249774,0.19199,0.25578
0.116216,0.803369,0.181291,0.163367,0.119373,0.802947
0.10982,0.672139,0.128962,0.135033,0.085453,0.08423
0.200957,0.968726,0.216537,0.261622,0.180397,0.244999
0.202721,0.980876,0.224212,0.261949,0.175553,0.268397
0.221112,0.904594,0.213893,0.255752,0.228887,0.254302
0.237957,0.796748,0.280983,0.244637,0.256494,0.19422
0.285412,1.15993,0.247304,0.211344,0.542666,0.569981
0.198097,0.962526,0.208522,0.26968,0.209121,0.258695
0.161362,1.087455,0.239977,0.212678,0.155188,0.144636
0.251085,0.852116,0.202096,0.246701,0.239209,0.256676
0.151458,1.160194,0.026144,0.091283,0.073239,0.12177
0.183405,1.074139,0.182823,0.229984,0.164512,0.243729
0.114907,0.742106,0.174997,0.142978,0.104459,0.663066
0.104817,0.628083,0.125378,0.143013,0.080719,0.0
0.282903,1.129275,0.296355,0.238816,0.373367,0.41039
0.258836,0.925679,0.156821,0.259542,0.270149,0.169512
0.232235,0.847871,0.263757,0.242859,0.247159,0.227128
0.177701,1.097335,0.177598,0.209344,0.157822,0.229852
0.132926,0.957143,0.304809,0.117515,0.072068,0.0
0.129723,0.889435,0.117497,0.114787,0.072948,0.09143
0.147546,1.20687,0.189171,0.041863,0.073036,0.132548
0.204353,0.930228,0.210328,0.265636,0.192427,0.2625
0.235773,0.845864,0.270566,0.256766,0.268724,0.205611
0.225438,0.8292,0.226717,0.247721,0.227074,0.235652
0.153187,1.181231,0.043039,0.092302,0.09371,0.124813
0.281424,1.13159,0.284355,0.260084,0.294503,0.319293
0.2402,0.797808,0.272934,0.238918,0.280995,0.22629
0.205327,0.938063,0.208965,0.237175,0.185536,0.266077
0.216227,0.915405,0.220578,0.270721,0.200321,0.241093
0.179724,1.101115,0.176659,0.212706,0.145037,0.222501
0.147069,1.218292,0.235518,0.043991,0.071393,0.103822
0.167635,1.091055,0.209024,0.19302,0.175708,0.173147
0.243991,0.803236,0.274364,0.244154,0.264753,0.247118
0.102735,0.589515,0.127367,0.150728,0.10068,0.0
0.122054,0.855595,0.138126,0.139319,0.093338,0.858156
0.108741,0.665482,0.120158,0.143138,0.094058,0.0
0.107738,0.60998,0.130021,0.13435,0.088933,0.0
0.262538,0.949618,0.195331,0.278733,0.28887,0.153944
0.233695,0.83438,0.276577,0.243671,0.254056,0.225673
0.190093,1.002829,0.188356,0.250772,0.183767,0.269796
0.118588,0.820148,0.162898,0.16283,0.115315,0.938643
0.193407,0.988019,0.200361,0.257025,0.208653,0.265226
0.18996,1.007212,0.188441,0.268025,0.18388,0.26334
0.132908,0.9741,0.307794,0.110099,0.06631,0.0
0.182432,1.062652,0.204504,0.253387,0.166327,0.224666
0.175716,1.118499,0.16854,0.1865,0.14835,0.21264
0.217012,0.886903,0.199196,0.25865,0.216316,0.271014
0.220668,0.905723,0.221209,0.258864,0.202193,0.254553
0.108608,0.623194,0.157078,0.134804,0.10629,0.0
0.171176,1.125585,0.175749,0.180519,0.159134,0.19952
0.218913,0.91253,0.233382,0.244983,0.223602,0.246325
0.195596,0.990945,0.224061,0.25158,0.193134,0.253981
0.262733,0.998105,0.186553,0.261635,0.273621,0.169066
0.225152,0.906053,0.245205,0.25922,0.225733,0.255417
0.130958,0.962571,0.190786,0.125295,0.089721,0.02664
0.113408,0.703779,0.158915,0.145945,0.104871,0.513186
0.22206,0.865625,0.224932,0.25491,0.230873,0.251118
0.105037,0.599108,0.116847,0.138244,0.107613,0.0
0.211297,0.915824,0.198999,0.27223,0.168087,0.264899
0.278644,1.121823,0.314963,0.260437,0.267772,0.224442
0.20934,0.908598,0.198421,0.262117,0.179655,0.257314
0.173752,1.116543,0.175203,0.18753,0.152842,0.193457
0.222225,0.875258,0.219887,0.261281,0.212038,0.234667
0.187068,1.013645,0.187848,0.255801,0.176318,0.247506
0.203667,0.932403,0.202481,0.268978,0.187644,0.25894
0.278878,1.094574,0.322894,0.241061,0.252475,0.271605
0.17336,1.084935,0.183884,0.182971,0.17839,0.204958
0.282626,1.112581,0.265399,0.232759,0.340486,0.377666
0.272017,1.078492,0.340869,0.281067,0.291809,0.219586
0.1372,1.072509,0.588317,0.107796,0.077842,0.027598
0.113179,0.789113,0.149296,0.160257,0.107312,0.477361
0.119148,0.840573,0.176271,0.150049,0.110224,0.952408
0.103462,0.603633,0.133721,0.150571,0.078223,0.0
0.117944,0.798052,0.16105,0.16838,0.076782,0.902831
0.229771,0.855464,0.258543,0.253465,0.241235,0.23208
0.113526,0.7312,0.16894,0.163627,0.108242,0.529154
0.160605,1.079787,0.227169,0.231188,0.168295,0.134727
0.260526,1.007115,0.169376,0.262844,0.276444,0.168111
0.104422,0.604383,0.115159,0.12257,0.075108,0.0
0.254749,0.906322,0.178086,0.245501,0.243316,0.213867
0.153552,1.128985,0.016784,0.100773,0.109028,0.118282
0.122451,0.858618,0.108393,0.163786,0.077113,0.826247
0.23238,0.861531,0.259482,0.236136,0.252926,0.220203
0.219499,0.889009,0.211196,0.261818,0.213341,0.245607
0.26672,1.049334,0.279015,0.296816,0.310746,0.196802
0.239663,0.814642,0.291083,0.24023,0.278431,0.206496
0.252661,0.84627,0.205567,0.26317,0.230487,0.230345
0.153587,1.155296,0.020569,0.103659,0.090669,0.108404
0.133714,1.023883,0.351752,0.108016,0.086486,0.0
0.242617,0.811191,0.288054,0.23409,0.259542,0.222315
0.253299,0.833717,0.193464,0.233442,0.224392,0.227327
0.288196,1.11616,0.266954,0.18735,0.850377,0.866825
0.178397,1.103967,0.181427,0.207892,0.138321,0.210525
0.170683,1.101501,0.188786,0.168834,0.179557,0.177031
0.247518,0.824929,0.248982,0.237027,0.254135,0.265183
0.164753,1.080818,0.243346,0.199527,0.16291,0.16669
0.276844,1.071626,0.332162,0.280256,0.240228,0.220862
0.263098,0.98949,0.205195,0.25909,0.298317,0.155901
0.181509,1.099664,0.19124,0.237349,0.143331,0.215662
0.242666,0.809976,0.267936,0.242366,0.265617,0.222739
0.243363,0.820968,0.260454,0.227343,0.272479,0.229685
0.119594,0.852433,0.136576,0.14768,0.108513,0.945435
0.271485,1.061955,0.338965,0.29248,0.295118,0.208526
0.195998,0.984247,0.197548,0.265165,0.186491,0.253105
0.257027,0.879861,0.137489,0.264889,0.25716,0.184323
0.160809,1.085226,0.233501,0.205899,0.182954,0.149613
0.270149,1.045418,0.346667,0.301273,0.318861,0.214815
0.173948,1.118603,0.174534,0.177055,0.161968,0.187827
0.102059,0.569737,0.151797,0.153372,0.068911,0.0
0.272023,1.035851,0.337978,0.301497,0.283559,0.220774
0.117344,0.827678,0.169459,0.144706,0.10859,0.873421
0.16067,1.076322,0.236642,0.220875,0.168856,0.148785
0.280512,1.136481,0.302448,0.248173,0.295041,0.27719
0.280615,1.123967,0.307068,0.266099,0.29006,0.294763
0.208953,0.925746,0.214324,0.259807,0.162928,0.263436
0.220049,0.918601,0.213467,0.278949,0.230669,0.251761
0.185205,1.036534,0.193985,0.247147,0.158899,0.265513
0.15571,1.119764,0.082821,0.146317,0.115112,0.121677
0.162446,1.06464,0.237425,0.21051,0.176503,0.14013
0.227779,0.846106,0.256222,0.225794,0.254057,0.231656
0.242951,0.792781,0.266031,0.225856,0.300421,0.212123
0.2504,0.838043,0.226007,0.24783,0.244952,0.257202
0.250027,0.820665,0.229622,0.250098,0.238087,0.251551
0.117329,0.831504,0.181351,0.136409,0.108722,0.890125
0.19394,0.969073,0.206468,0.271367,0.203226,0.250225
0.110936,0.692485,0.14624,0.136974,0.098218,0.20873
0.20441,0.946641,0.225462,0.260376,0.195476,0.2547
0.183891,1.091033,0.197202,0.258391,0.164765,0.251909
0.268664,1.032847,0.306835,0.306686,0.319632,0.210615
0.166674,1.105026,0.226025,0.195052,0.187605,0.182212
0.122243,0.828269,0.100149,0.134015,0.099594,0.851056
0.127168,0.895524,0.053329,0.098485,0.093221,0.332991
0.244687,0.819422,0.265667,0.235414,0.256292,0.247421
0.217461,0.907482,0.207635,0.259898,0.20481,0.257541
0.119213,0.852783,0.15705,0.141468,0.090259,0.931962
0.11598,0.774921,0.17231,0.149927,0.108518,0.776747
0.233184,0.850172,0.27629,0.238375,0.261257,0.221091
0.113825,0.794048,0.164223,0.145569,0.108592,0.557042
0.256153,0.894387,0.169156,0.243383,0.25656,0.178941
0.234186,0.808348,0.274376,0.239179,0.258107,0.20875
0.115456,0.805601,0.151197,0.155,0.110931,0.748257
0.116119,0.819129,0.16245,0.140487,0.093159,0.804052
0.287462,1.123006,0.245657,0.213384,0.745658,0.778719
0.171111,1.09634,0.172066,0.171579,0.178423,0.188896
0.170422,1.096236,0.194706,0.173886,0.182218,0.172952
0.254432,0.852381,0.19491,0.254705,0.233115,0.198506
0.279977,1.101495,0.322391,0.262502,0.268849,0.270135
0.28734,1.113752,0.245602,0.20978,0.719785,0.780937
0.243142,0.78377,0.289362,0.244671,0.265089,0.228678
0.171489,1.105513,0.183572,0.166311,0.179059,0.178522
0.115865,0.788054,0.168255,0.154722,0.10991,0.766298
0.247658,0.844298,0.244895,0.232577,0.253898,0.279873
0.206097,0.923539,0.212059,0.26004,0.176832,0.2773
0.180602,1.115124,0.176874,0.223733,0.150996,0.244685
0.272207,1.054812,0.33979,0.296991,0.283181,0.2193
0.121128,0.84903,0.134539,0.145691,0.104817,0.916394
0.193599,1.000875,0.200598,0.243586,0.198649,0.24017
0.102157,0.57295,0.146543,0.140694,0.082312,0.0
0.189046,1.014638,0.200033,0.259402,0.18158,0.236463
0.110698,0.695365,0.154313,0.142925,0.079555,0.183568
0.122575,0.869946,0.092426,0.131283,0.105584,0.805483
0.12233,0.864328,0.086153,0.155232,0.09039,0.830303
0.22335,0.933204,0.241328,0.245216,0.218608,0.235575
0.241749,0.785871,0.264182,0.250724,0.279722,0.214553
0.21084,0.906137,0.20713,0.264659,0.178355,0.254187
0.282813,1.120234,0.271867,0.231303,0.374579,0.386702
0.171225,1.094085,0.165487,0.190244,0.177247,0.188186
0.154285,1.121674,0.050897,0.112109,0.111079,0.101299
0.265034,1.022843,0.241374,0.292956,0.288321,0.185668
0.142483,1.210811,0.550159,0.08362,0.094195,0.143395
0.283012,1.12188,0.255776,0.229413,0.376677,0.398019
0.102309,0.579022,0.134873,0.159391,0.074312,0.0
0.284277,1.145439,0.274043,0.223085,0.451654,0.481078
0.1082,0.639953,0.114317,0.140254,0.078714,0.0
0.269317,1.046952,0.312928,0.301692,0.317253,0.219349
0.200263,0.983139,0.218128,0.258541,0.174167,0.254792
0.288663,1.098164,0.247938,0.197967,0.895311,0.936223
0.114021,0.782521,0.167089,0.156129,0.088866,0.568892
0.205232,0.985553,0.206544,0.241414,0.187907,0.267893
0.284167,1.123596,0.283058,0.239545,0.436463,0.47976
0.199389,0.974021,0.215561,0.243667,0.2016,0.256661
0.219586,0.907015,0.218522,0.270818,0.213316,0.242254
0.232192,0.833811,0.258579,0.249256,0.2318,0.207519
0.186363,1.046767,0.180449,0.240885,0.163562,0.247171
0.219236,0.942475,0.208985,0.256746,0.229827,0.263454
0.21102,0.912623,0.207548,0.249417,0.181271,0.253106
0.27122,1.034498,0.349057,0.298045,0.294798,0.226132
0.108635,0.630082,0.117714,0.13479,0.099021,0.0
0.153383,1.13041,0.012121,0.113656,0.100533,0.103795
0.280578,1.122542,0.319449,0.268727,0.29381,0.29685
0.26915,1.068803,0.306599,0.312739,0.32817,0.20749
0.186575,1.020886,0.178367,0.246835,0.172188,0.233017
0.217825,0.909735,0.224865,0.259765,0.198691,0.246455
0.152702,1.152538,0.01457,0.076045,0.085301,0.111172
0.135743,1.079351,0.51244,0.096794,0.091623,0.0
0.188103,1.065914,0.193474,0.266187,0.173364,0.223724
0.167137,1.07584,0.216225,0.209957,0.171051,0.144117
0.210895,0.906784,0.230919,0.24807,0.185879,0.25348
0.11477,0.785631,0.162951,0.143606,0.103771,0.66642
0.285135,1.15036,0.270275,0.218141,0.515139,0.521646
0.28738,1.17065,0.250517,0.20273,0.732132,0.764892
